Label, CenterX(mils) from left corner, CenterY(mils) from left corner, Radius(mils), Suitable for Bellatrix team?
1, 2657.28, 2708.48, 16.191885986328124, No
2, 2554.88, 2708.48, 16.191885986328124, No
3, 2452.48, 2708.48, 16.191885986328124, No
4, 2355.2000000000003, 2703.36, 20.48102294921875, No
5, 2257.92, 2708.48, 16.191885986328124, No
6, 2155.52, 2708.48, 16.191885986328124, No
7, 2053.12, 2708.48, 16.191885986328124, No
8, 1950.72, 2708.48, 16.191885986328124, No
9, 1853.44, 2708.48, 21.1113232421875, No
10, 3742.7200000000003, 2693.12, 15.361024169921876, No
11, 3650.56, 2693.12, 15.361024169921876, No
12, 3548.16, 2698.2400000000002, 16.191885986328124, No
13, 3445.76, 2698.2400000000002, 16.191885986328124, No
14, 3353.6, 2698.2400000000002, 16.191885986328124, No
15, 3251.2000000000003, 2698.2400000000002, 16.191885986328124, No
16, 3148.8, 2698.2400000000002, 16.191885986328124, No
17, 3056.64, 2698.2400000000002, 16.191885986328124, No
18, 2954.2400000000002, 2698.2400000000002, 16.191885986328124, No
19, 2851.84, 2698.2400000000002, 16.191885986328124, No
20, 2754.56, 2703.36, 20.48102294921875, No
21, 4326.4, 2682.88, 15.361024169921876, No
22, 4234.24, 2688.0, 16.191885986328124, No
23, 4131.84, 2688.0, 16.191885986328124, No
24, 4039.6800000000003, 2688.0, 16.191885986328124, No
25, 3942.4, 2688.0, 15.361024169921876, No
26, 3845.12, 2688.0, 16.191885986328124, No
27, 2954.2400000000002, 2606.08, 16.191885986328124, No
28, 2851.84, 2606.08, 16.191885986328124, No
29, 2754.56, 2600.96, 20.48102294921875, No
30, 2657.28, 2606.08, 16.191885986328124, No
31, 2554.88, 2606.08, 16.191885986328124, No
32, 2452.48, 2606.08, 16.191885986328124, No
33, 2350.08, 2606.08, 16.191885986328124, No
34, 2257.92, 2606.08, 16.191885986328124, No
35, 2155.52, 2606.08, 16.191885986328124, No
36, 2053.12, 2606.08, 16.191885986328124, No
37, 1950.72, 2606.08, 16.191885986328124, No
38, 1853.44, 2611.2000000000003, 20.48102294921875, No
39, 3845.12, 2590.7200000000003, 15.361024169921876, No
40, 3742.7200000000003, 2595.84, 16.191885986328124, No
41, 3650.56, 2595.84, 16.191885986328124, No
42, 3548.16, 2595.84, 16.191885986328124, No
43, 3450.88, 2595.84, 15.361024169921876, No
44, 3353.6, 2595.84, 16.191885986328124, No
45, 3251.2000000000003, 2595.84, 16.191885986328124, No
46, 3148.8, 2595.84, 16.191885986328124, No
47, 3051.52, 2600.96, 20.48102294921875, No
48, 4326.4, 2585.6, 16.191885986328124, No
49, 4234.24, 2585.6, 16.191885986328124, No
50, 4136.96, 2585.6, 15.361024169921876, No
51, 4039.6800000000003, 2585.6, 16.191885986328124, No
52, 3937.28, 2585.6, 16.191885986328124, No
53, 3251.2000000000003, 2498.56, 15.361024169921876, No
54, 3148.8, 2503.68, 16.191885986328124, No
55, 3056.64, 2503.68, 16.191885986328124, No
56, 2954.2400000000002, 2503.68, 16.191885986328124, No
57, 2851.84, 2503.68, 16.191885986328124, No
58, 2754.56, 2503.68, 15.361024169921876, No
59, 2657.28, 2503.68, 16.191885986328124, No
60, 2554.88, 2503.68, 16.191885986328124, No
61, 2452.48, 2503.68, 16.191885986328124, No
62, 2355.2000000000003, 2508.8, 20.48102294921875, No
63, 2257.92, 2503.68, 16.191885986328124, No
64, 2155.52, 2503.68, 16.191885986328124, No
65, 2053.12, 2503.68, 16.191885986328124, No
66, 1950.72, 2503.68, 16.191885986328124, No
67, 1853.44, 2508.8, 20.48102294921875, No
68, 4136.96, 2488.32, 10.241024169921875, No
69, 4039.6800000000003, 2488.32, 15.361024169921876, No
70, 3942.4, 2493.44, 15.361024169921876, No
71, 3845.12, 2493.44, 16.191885986328124, No
72, 3747.84, 2493.44, 15.361024169921876, No
73, 3650.56, 2493.44, 16.191885986328124, No
74, 3548.16, 2493.44, 16.191885986328124, No
75, 3450.88, 2493.44, 15.361024169921876, No
76, 3353.6, 2493.44, 16.191885986328124, No
77, 4331.52, 2483.2000000000003, 15.361024169921876, No
78, 4234.24, 2483.2000000000003, 16.191885986328124, No
79, 2053.12, 2411.52, 16.191885986328124, No
80, 1950.72, 2411.52, 16.191885986328124, No
81, 1853.44, 2406.4, 20.48102294921875, No
82, 3548.16, 2396.16, 15.361024169921876, No
83, 3450.88, 2401.28, 15.361024169921876, No
84, 3353.6, 2401.28, 16.191885986328124, No
85, 3251.2000000000003, 2401.28, 16.191885986328124, No
86, 3148.8, 2401.28, 16.191885986328124, No
87, 3056.64, 2401.28, 16.191885986328124, No
88, 2954.2400000000002, 2401.28, 16.191885986328124, No
89, 2851.84, 2401.28, 16.191885986328124, No
90, 2754.56, 2401.28, 15.361024169921876, No
91, 2657.28, 2401.28, 16.191885986328124, No
92, 2554.88, 2401.28, 16.191885986328124, No
93, 2452.48, 2401.28, 16.191885986328124, No
94, 2355.2000000000003, 2406.4, 20.48102294921875, No
95, 2252.8, 2406.4, 20.48102294921875, No
96, 2150.4, 2406.4, 20.48102294921875, No
97, 4331.52, 2385.92, 10.241024169921875, No
98, 4234.24, 2385.92, 15.361024169921876, No
99, 4136.96, 2391.04, 15.361024169921876, No
100, 4039.6800000000003, 2391.04, 16.191885986328124, No
101, 3942.4, 2391.04, 15.361024169921876, No
102, 3845.12, 2391.04, 16.191885986328124, No
103, 3747.84, 2391.04, 15.361024169921876, No
104, 3650.56, 2391.04, 16.191885986328124, No
105, 2554.88, 2304.0, 15.361024169921876, No
106, 2452.48, 2309.12, 16.191885986328124, No
107, 2350.08, 2309.12, 16.191885986328124, No
108, 2252.8, 2304.0, 20.48102294921875, No
109, 2155.52, 2309.12, 16.191885986328124, No
110, 2053.12, 2309.12, 16.191885986328124, No
111, 1950.72, 2309.12, 16.191885986328124, No
112, 1848.32, 2309.12, 16.191885986328124, No
113, 3650.56, 2298.88, 16.191885986328124, No
114, 3548.16, 2298.88, 16.191885986328124, No
115, 3450.88, 2298.88, 15.361024169921876, No
116, 3353.6, 2298.88, 16.191885986328124, No
117, 3251.2000000000003, 2298.88, 16.191885986328124, No
118, 3153.92, 2298.88, 15.361024169921876, No
119, 3056.64, 2298.88, 16.191885986328124, No
120, 2954.2400000000002, 2298.88, 16.191885986328124, No
121, 2851.84, 2298.88, 16.191885986328124, No
122, 2749.44, 2298.88, 16.191885986328124, No
123, 2657.28, 2298.88, 16.191885986328124, No
124, 4331.52, 2288.64, 15.361024169921876, No
125, 4234.24, 2288.64, 16.191885986328124, No
126, 4136.96, 2288.64, 15.361024169921876, No
127, 4039.6800000000003, 2288.64, 16.191885986328124, No
128, 3942.4, 2288.64, 15.361024169921876, No
129, 3845.12, 2288.64, 16.191885986328124, No
130, 3742.7200000000003, 2288.64, 16.191885986328124, No
131, 2954.2400000000002, 2201.6, 15.361024169921876, No
132, 2851.84, 2206.7200000000003, 16.191885986328124, No
133, 2749.44, 2206.7200000000003, 16.191885986328124, No
134, 2657.28, 2206.7200000000003, 16.191885986328124, No
135, 2554.88, 2206.7200000000003, 16.191885986328124, No
136, 2452.48, 2206.7200000000003, 16.191885986328124, No
137, 2350.08, 2206.7200000000003, 16.191885986328124, No
138, 2247.68, 2206.7200000000003, 16.191885986328124, No
139, 2155.52, 2206.7200000000003, 16.191885986328124, No
140, 2053.12, 2206.7200000000003, 16.191885986328124, No
141, 1950.72, 2206.7200000000003, 16.191885986328124, No
142, 1848.32, 2206.7200000000003, 16.191885986328124, No
143, 3845.12, 2196.48, 16.191885986328124, No
144, 3742.7200000000003, 2196.48, 16.191885986328124, No
145, 3650.56, 2196.48, 16.191885986328124, No
146, 3548.16, 2196.48, 16.191885986328124, No
147, 3450.88, 2196.48, 15.361024169921876, No
148, 3353.6, 2196.48, 16.191885986328124, No
149, 3251.2000000000003, 2196.48, 16.191885986328124, No
150, 3148.8, 2196.48, 16.191885986328124, No
151, 3056.64, 2196.48, 16.191885986328124, No
152, 4331.52, 2186.2400000000002, 15.361024169921876, No
153, 4234.24, 2186.2400000000002, 16.191885986328124, No
154, 4142.08, 2186.2400000000002, 16.191885986328124, No
155, 4039.6800000000003, 2186.2400000000002, 16.191885986328124, No
156, 3942.4, 2191.36, 20.48102294921875, No
157, 2954.2400000000002, 2104.32, 16.191885986328124, No
158, 2851.84, 2104.32, 16.191885986328124, No
159, 2749.44, 2104.32, 16.191885986328124, No
160, 2657.28, 2104.32, 16.191885986328124, No
161, 2554.88, 2104.32, 16.191885986328124, No
162, 2452.48, 2104.32, 16.191885986328124, No
163, 2350.08, 2104.32, 16.191885986328124, No
164, 2247.68, 2104.32, 16.191885986328124, No
165, 2155.52, 2104.32, 16.191885986328124, No
166, 2053.12, 2104.32, 16.191885986328124, No
167, 1950.72, 2104.32, 16.191885986328124, No
168, 1848.32, 2104.32, 16.191885986328124, No
169, 4039.6800000000003, 2094.08, 16.191885986328124, No
170, 3947.52, 2094.08, 16.191885986328124, No
171, 3845.12, 2094.08, 16.191885986328124, No
172, 3747.84, 2094.08, 15.361024169921876, No
173, 3650.56, 2094.08, 16.191885986328124, No
174, 3548.16, 2094.08, 16.191885986328124, No
175, 3456.0, 2094.08, 16.191885986328124, No
176, 3353.6, 2094.08, 16.191885986328124, No
177, 3251.2000000000003, 2094.08, 16.191885986328124, No
178, 3153.92, 2099.2, 20.48102294921875, No
179, 3051.52, 2099.2, 20.48102294921875, No
180, 4331.52, 2083.84, 15.361024169921876, No
181, 4234.24, 2083.84, 16.191885986328124, No
182, 4136.96, 2088.96, 20.48102294921875, No
183, 3251.2000000000003, 2001.92, 16.191885986328124, No
184, 3148.8, 2001.92, 16.191885986328124, No
185, 3056.64, 2001.92, 16.191885986328124, No
186, 2954.2400000000002, 2001.92, 16.191885986328124, No
187, 2851.84, 2001.92, 16.191885986328124, No
188, 2749.44, 2001.92, 16.191885986328124, No
189, 2657.28, 2001.92, 16.191885986328124, No
190, 2554.88, 2001.92, 16.191885986328124, No
191, 2452.48, 2001.92, 16.191885986328124, No
192, 2350.08, 2001.92, 16.191885986328124, No
193, 2247.68, 2001.92, 16.191885986328124, No
194, 2155.52, 2001.92, 16.191885986328124, No
195, 2053.12, 2001.92, 16.191885986328124, No
196, 1950.72, 2001.92, 16.191885986328124, No
197, 1848.32, 2001.92, 16.191885986328124, No
198, 4336.64, 1991.68, 16.191885986328124, No
199, 4234.24, 1991.68, 16.191885986328124, No
200, 4142.08, 1991.68, 16.191885986328124, No
201, 4039.6800000000003, 1991.68, 16.191885986328124, No
202, 3947.52, 1991.68, 16.191885986328124, No
203, 3845.12, 1991.68, 16.191885986328124, No
204, 3742.7200000000003, 1991.68, 16.191885986328124, No
205, 3650.56, 1991.68, 16.191885986328124, No
206, 3548.16, 1991.68, 16.191885986328124, No
207, 3450.88, 1996.8, 20.48102294921875, No
208, 3348.48, 1996.8, 20.48102294921875, No
209, 1848.32, 1904.64, 15.361024169921876, No
210, 3353.6, 1899.52, 16.191885986328124, No
211, 3251.2000000000003, 1899.52, 16.191885986328124, No
212, 3148.8, 1899.52, 16.191885986328124, No
213, 3056.64, 1899.52, 16.191885986328124, No
214, 2954.2400000000002, 1899.52, 16.191885986328124, No
215, 2851.84, 1899.52, 16.191885986328124, No
216, 2749.44, 1899.52, 16.191885986328124, No
217, 2657.28, 1899.52, 16.191885986328124, No
218, 2554.88, 1899.52, 16.191885986328124, No
219, 2452.48, 1899.52, 16.191885986328124, No
220, 2350.08, 1899.52, 16.191885986328124, No
221, 2247.68, 1899.52, 16.191885986328124, No
222, 2150.4, 1904.64, 20.48102294921875, No
223, 2053.12, 1899.52, 16.191885986328124, No
224, 1950.72, 1899.52, 16.191885986328124, No
225, 4336.64, 1889.28, 16.191885986328124, No
226, 4234.24, 1889.28, 16.191885986328124, No
227, 4142.08, 1889.28, 16.191885986328124, No
228, 4039.6800000000003, 1889.28, 16.191885986328124, No
229, 3947.52, 1889.28, 16.191885986328124, No
230, 3845.12, 1889.28, 16.191885986328124, No
231, 3747.84, 1894.4, 20.48102294921875, No
232, 3650.56, 1889.28, 16.191885986328124, No
233, 3548.16, 1889.28, 16.191885986328124, No
234, 3450.88, 1894.4, 20.48102294921875, No
235, 2247.68, 1802.24, 15.361024169921876, No
236, 1950.72, 1807.3600000000001, 16.191885986328124, No
237, 1848.32, 1807.3600000000001, 16.191885986328124, No
238, 3650.56, 1797.1200000000001, 16.191885986328124, No
239, 3548.16, 1797.1200000000001, 16.191885986328124, No
240, 3445.76, 1797.1200000000001, 16.191885986328124, No
241, 3353.6, 1797.1200000000001, 16.191885986328124, No
242, 3251.2000000000003, 1797.1200000000001, 16.191885986328124, No
243, 3148.8, 1797.1200000000001, 16.191885986328124, No
244, 3056.64, 1797.1200000000001, 16.191885986328124, No
245, 2954.2400000000002, 1797.1200000000001, 16.191885986328124, No
246, 2851.84, 1797.1200000000001, 16.191885986328124, No
247, 2749.44, 1797.1200000000001, 16.191885986328124, No
248, 2652.16, 1802.24, 20.48102294921875, No
249, 2554.88, 1797.1200000000001, 16.191885986328124, No
250, 2452.48, 1797.1200000000001, 16.191885986328124, No
251, 2350.08, 1797.1200000000001, 16.191885986328124, No
252, 2145.28, 1797.1200000000001, 16.191885986328124, No
253, 2048.0, 1802.24, 20.48102294921875, No
254, 4336.64, 1786.88, 16.191885986328124, No
255, 4234.24, 1786.88, 16.191885986328124, No
256, 4142.08, 1786.88, 16.191885986328124, No
257, 4039.6800000000003, 1786.88, 16.191885986328124, No
258, 3947.52, 1786.88, 16.191885986328124, No
259, 3845.12, 1786.88, 16.191885986328124, No
260, 3747.84, 1792.0, 20.48102294921875, No
261, 2350.08, 1699.8400000000001, 15.361024169921876, No
262, 2247.68, 1704.96, 16.191885986328124, No
263, 2145.28, 1704.96, 16.191885986328124, No
264, 2048.0, 1704.96, 15.361024169921876, No
265, 1950.72, 1704.96, 16.191885986328124, No
266, 1848.32, 1704.96, 16.191885986328124, No
267, 4039.6800000000003, 1689.6000000000001, 15.361024169921876, No
268, 3845.12, 1694.72, 16.191885986328124, No
269, 3747.84, 1689.6000000000001, 20.48102294921875, No
270, 3650.56, 1694.72, 16.191885986328124, No
271, 3548.16, 1694.72, 16.191885986328124, No
272, 3445.76, 1694.72, 16.191885986328124, No
273, 3353.6, 1694.72, 16.191885986328124, No
274, 3251.2000000000003, 1694.72, 16.191885986328124, No
275, 3148.8, 1694.72, 16.191885986328124, No
276, 3056.64, 1694.72, 16.191885986328124, No
277, 2954.2400000000002, 1694.72, 16.191885986328124, No
278, 2851.84, 1694.72, 16.191885986328124, No
279, 2749.44, 1694.72, 16.191885986328124, No
280, 2652.16, 1699.8400000000001, 20.48102294921875, No
281, 2549.76, 1699.8400000000001, 20.48102294921875, No
282, 2447.36, 1699.8400000000001, 20.48102294921875, No
283, 4336.64, 1684.48, 16.191885986328124, No
284, 4234.24, 1684.48, 16.191885986328124, No
285, 4142.08, 1684.48, 16.191885986328124, No
286, 3942.4, 1689.6000000000001, 20.48102294921875, No
287, 2452.48, 1602.56, 16.191885986328124, No
288, 2350.08, 1602.56, 16.191885986328124, No
289, 2247.68, 1602.56, 16.191885986328124, No
290, 2145.28, 1602.56, 16.191885986328124, No
291, 2048.0, 1602.56, 15.361024169921876, No
292, 1950.72, 1602.56, 16.191885986328124, No
293, 1848.32, 1602.56, 16.191885986328124, No
294, 4234.24, 1587.2, 15.361024169921876, No
295, 4142.08, 1592.32, 16.191885986328124, No
296, 4039.6800000000003, 1592.32, 16.191885986328124, No
297, 3947.52, 1592.32, 16.191885986328124, No
298, 3845.12, 1592.32, 16.191885986328124, No
299, 3742.7200000000003, 1592.32, 16.191885986328124, No
300, 3650.56, 1592.32, 16.191885986328124, No
301, 3548.16, 1592.32, 16.191885986328124, No
302, 3445.76, 1592.32, 16.191885986328124, No
303, 3353.6, 1592.32, 16.191885986328124, No
304, 3251.2000000000003, 1592.32, 16.191885986328124, No
305, 3148.8, 1592.32, 16.191885986328124, No
306, 3046.4, 1592.32, 16.191885986328124, No
307, 2954.2400000000002, 1592.32, 16.191885986328124, No
308, 2851.84, 1592.32, 16.191885986328124, No
309, 2749.44, 1592.32, 16.191885986328124, No
310, 2652.16, 1597.44, 20.48102294921875, No
311, 2549.76, 1597.44, 20.48102294921875, No
312, 4331.52, 1587.2, 20.48102294921875, No
313, 2749.44, 1500.16, 16.191885986328124, No
314, 2647.04, 1500.16, 16.191885986328124, No
315, 2549.76, 1495.04, 20.48102294921875, No
316, 2452.48, 1500.16, 16.191885986328124, No
317, 2350.08, 1500.16, 16.191885986328124, No
318, 2247.68, 1500.16, 16.191885986328124, No
319, 2145.28, 1500.16, 16.191885986328124, No
320, 2042.88, 1500.16, 16.191885986328124, No
321, 1945.6000000000001, 1500.16, 15.361024169921876, No
322, 1848.32, 1500.16, 16.191885986328124, No
323, 4336.64, 1489.92, 16.191885986328124, No
324, 4234.24, 1489.92, 16.191885986328124, No
325, 4142.08, 1489.92, 16.191885986328124, No
326, 4039.6800000000003, 1489.92, 16.191885986328124, No
327, 3942.4, 1489.92, 15.361024169921876, No
328, 3845.12, 1489.92, 16.191885986328124, No
329, 3742.7200000000003, 1489.92, 16.191885986328124, No
330, 3650.56, 1489.92, 16.191885986328124, No
331, 3548.16, 1489.92, 16.191885986328124, No
332, 3445.76, 1489.92, 16.191885986328124, No
333, 3353.6, 1489.92, 16.191885986328124, No
334, 3251.2000000000003, 1489.92, 16.191885986328124, No
335, 3148.8, 1489.92, 16.191885986328124, No
336, 3051.52, 1495.04, 20.48102294921875, No
337, 2954.2400000000002, 1489.92, 16.191885986328124, No
338, 2851.84, 1489.92, 16.191885986328124, No
339, 3148.8, 1392.64, 15.361024169921876, No
340, 2851.84, 1397.76, 16.191885986328124, No
341, 2749.44, 1397.76, 16.191885986328124, No
342, 2647.04, 1397.76, 16.191885986328124, No
343, 2544.64, 1397.76, 16.191885986328124, No
344, 2452.48, 1397.76, 16.191885986328124, No
345, 2350.08, 1397.76, 16.191885986328124, No
346, 2247.68, 1397.76, 16.191885986328124, No
347, 2145.28, 1397.76, 16.191885986328124, No
348, 2042.88, 1397.76, 16.191885986328124, No
349, 1945.6000000000001, 1397.76, 15.361024169921876, No
350, 1848.32, 1397.76, 16.191885986328124, No
351, 4331.52, 1387.52, 15.361024169921876, No
352, 4234.24, 1387.52, 16.191885986328124, No
353, 4136.96, 1387.52, 15.361024169921876, No
354, 4039.6800000000003, 1387.52, 16.191885986328124, No
355, 3942.4, 1387.52, 15.361024169921876, No
356, 3845.12, 1387.52, 16.191885986328124, No
357, 3742.7200000000003, 1387.52, 16.191885986328124, No
358, 3650.56, 1387.52, 16.191885986328124, No
359, 3548.16, 1387.52, 16.191885986328124, No
360, 3445.76, 1387.52, 16.191885986328124, No
361, 3353.6, 1387.52, 16.191885986328124, No
362, 3251.2000000000003, 1387.52, 16.191885986328124, No
363, 3051.52, 1392.64, 20.48102294921875, No
364, 2949.12, 1392.64, 20.48102294921875, No
365, 3251.2000000000003, 1295.3600000000001, 16.191885986328124, No
366, 3148.8, 1295.3600000000001, 16.191885986328124, No
367, 3046.4, 1295.3600000000001, 16.191885986328124, No
368, 2944.0, 1295.3600000000001, 16.191885986328124, No
369, 2851.84, 1295.3600000000001, 16.191885986328124, No
370, 2749.44, 1295.3600000000001, 16.191885986328124, No
371, 2647.04, 1295.3600000000001, 16.191885986328124, No
372, 2544.64, 1295.3600000000001, 16.191885986328124, No
373, 2447.36, 1295.3600000000001, 15.361024169921876, No
374, 2350.08, 1295.3600000000001, 16.191885986328124, No
375, 2247.68, 1295.3600000000001, 16.191885986328124, No
376, 2145.28, 1295.3600000000001, 16.191885986328124, No
377, 2042.88, 1295.3600000000001, 16.191885986328124, No
378, 1940.48, 1295.3600000000001, 16.191885986328124, No
379, 1848.32, 1295.3600000000001, 16.191885986328124, No
380, 4326.4, 1285.1200000000001, 16.191885986328124, No
381, 4234.24, 1285.1200000000001, 16.191885986328124, No
382, 4136.96, 1285.1200000000001, 15.361024169921876, No
383, 4039.6800000000003, 1285.1200000000001, 16.191885986328124, No
384, 3937.28, 1285.1200000000001, 16.191885986328124, No
385, 3845.12, 1285.1200000000001, 16.191885986328124, No
386, 3742.7200000000003, 1285.1200000000001, 16.191885986328124, No
387, 3650.56, 1285.1200000000001, 16.191885986328124, No
388, 3548.16, 1285.1200000000001, 16.191885986328124, No
389, 3450.88, 1290.24, 20.48102294921875, No
390, 3348.48, 1290.24, 20.48102294921875, No
391, 3742.7200000000003, 1187.84, 15.361024169921876, No
392, 3548.16, 1192.96, 16.191885986328124, No
393, 3445.76, 1192.96, 16.191885986328124, No
394, 3343.36, 1192.96, 16.191885986328124, No
395, 3251.2000000000003, 1192.96, 16.191885986328124, No
396, 3148.8, 1192.96, 16.191885986328124, No
397, 3046.4, 1192.96, 16.191885986328124, No
398, 2944.0, 1192.96, 16.191885986328124, No
399, 2851.84, 1192.96, 16.191885986328124, No
400, 2749.44, 1192.96, 16.191885986328124, No
401, 2647.04, 1192.96, 16.191885986328124, No
402, 2544.64, 1192.96, 16.191885986328124, No
403, 2442.2400000000002, 1192.96, 16.191885986328124, No
404, 2350.08, 1192.96, 16.191885986328124, No
405, 2247.68, 1192.96, 16.191885986328124, No
406, 2145.28, 1192.96, 16.191885986328124, No
407, 2042.88, 1192.96, 16.191885986328124, No
408, 1940.48, 1192.96, 16.191885986328124, No
409, 1838.08, 1192.96, 16.191885986328124, No
410, 4326.4, 1182.72, 16.191885986328124, No
411, 4234.24, 1182.72, 16.191885986328124, No
412, 4131.84, 1182.72, 16.191885986328124, No
413, 4039.6800000000003, 1182.72, 16.191885986328124, No
414, 3937.28, 1182.72, 16.191885986328124, No
415, 3845.12, 1182.72, 16.191885986328124, No
416, 3645.44, 1187.84, 20.48102294921875, No
417, 1838.08, 1095.68, 15.361024169921876, No
418, 4326.4, 1085.44, 15.361024169921876, No
419, 4234.24, 1090.56, 16.191885986328124, No
420, 4131.84, 1090.56, 16.191885986328124, No
421, 4039.6800000000003, 1090.56, 16.191885986328124, No
422, 3937.28, 1090.56, 16.191885986328124, No
423, 3845.12, 1090.56, 16.191885986328124, No
424, 3742.7200000000003, 1090.56, 16.191885986328124, No
425, 3640.32, 1090.56, 16.191885986328124, No
426, 3548.16, 1090.56, 16.191885986328124, No
427, 3445.76, 1090.56, 16.191885986328124, No
428, 3343.36, 1090.56, 16.191885986328124, No
429, 3251.2000000000003, 1090.56, 16.191885986328124, No
430, 3148.8, 1090.56, 16.191885986328124, No
431, 3046.4, 1090.56, 16.191885986328124, No
432, 2944.0, 1090.56, 16.191885986328124, No
433, 2851.84, 1090.56, 16.191885986328124, No
434, 2749.44, 1090.56, 16.191885986328124, No
435, 2647.04, 1090.56, 16.191885986328124, No
436, 2544.64, 1090.56, 16.191885986328124, No
437, 2442.2400000000002, 1090.56, 16.191885986328124, No
438, 2344.96, 1095.68, 20.48102294921875, No
439, 2247.68, 1090.56, 16.191885986328124, No
440, 2145.28, 1090.56, 16.191885986328124, No
441, 2042.88, 1090.56, 16.191885986328124, No
442, 1940.48, 1090.56, 16.191885986328124, No
443, 1940.48, 998.4, 16.191885986328124, No
444, 1838.08, 998.4, 16.191885986328124, No
445, 4326.4, 988.16, 16.191885986328124, No
446, 4234.24, 988.16, 16.191885986328124, No
447, 4131.84, 988.16, 16.191885986328124, No
448, 4039.6800000000003, 988.16, 16.191885986328124, No
449, 3937.28, 988.16, 16.191885986328124, No
450, 3834.88, 988.16, 16.191885986328124, No
451, 3742.7200000000003, 988.16, 16.191885986328124, No
452, 3640.32, 988.16, 16.191885986328124, No
453, 3548.16, 988.16, 16.191885986328124, No
454, 3445.76, 988.16, 16.191885986328124, No
455, 3343.36, 988.16, 16.191885986328124, No
456, 3246.08, 988.16, 15.361024169921876, No
457, 3148.8, 988.16, 16.191885986328124, No
458, 3046.4, 988.16, 16.191885986328124, No
459, 2944.0, 988.16, 16.191885986328124, No
460, 2846.7200000000003, 993.28, 20.48102294921875, No
461, 2749.44, 988.16, 16.191885986328124, No
462, 2647.04, 988.16, 16.191885986328124, No
463, 2544.64, 988.16, 16.191885986328124, No
464, 2442.2400000000002, 988.16, 16.191885986328124, No
465, 2344.96, 993.28, 20.48102294921875, No
466, 2242.56, 993.28, 20.48102294921875, No
467, 2145.28, 988.16, 16.191885986328124, No
468, 2042.88, 988.16, 16.191885986328124, No
469, 2145.28, 896.0, 16.191885986328124, No
470, 2042.88, 896.0, 16.191885986328124, No
471, 1940.48, 896.0, 16.191885986328124, No
472, 1838.08, 896.0, 16.191885986328124, No
473, 4326.4, 885.76, 16.191885986328124, No
474, 4229.12, 885.76, 15.361024169921876, No
475, 4131.84, 885.76, 16.191885986328124, No
476, 4034.56, 885.76, 15.361024169921876, No
477, 3937.28, 885.76, 16.191885986328124, No
478, 3834.88, 885.76, 16.191885986328124, No
479, 3742.7200000000003, 885.76, 16.191885986328124, No
480, 3640.32, 885.76, 16.191885986328124, No
481, 3543.04, 885.76, 15.361024169921876, No
482, 3445.76, 885.76, 16.191885986328124, No
483, 3343.36, 885.76, 16.191885986328124, No
484, 3240.96, 885.76, 16.191885986328124, No
485, 3148.8, 885.76, 16.191885986328124, No
486, 3046.4, 885.76, 16.191885986328124, No
487, 2944.0, 885.76, 16.191885986328124, No
488, 2841.6, 885.76, 16.191885986328124, No
489, 2749.44, 885.76, 16.191885986328124, No
490, 2647.04, 885.76, 16.191885986328124, No
491, 2544.64, 885.76, 16.191885986328124, No
492, 2442.2400000000002, 885.76, 16.191885986328124, No
493, 2339.84, 885.76, 16.191885986328124, No
494, 2242.56, 890.88, 20.48102294921875, No
495, 2442.2400000000002, 793.6, 16.191885986328124, No
496, 2339.84, 793.6, 16.191885986328124, No
497, 2237.44, 793.6, 16.191885986328124, No
498, 2140.16, 788.48, 20.48102294921875, No
499, 2042.88, 793.6, 16.191885986328124, No
500, 1940.48, 793.6, 16.191885986328124, No
501, 1838.08, 793.6, 16.191885986328124, No
502, 4326.4, 783.36, 16.191885986328124, No
503, 4224.0, 783.36, 16.191885986328124, No
504, 4131.84, 783.36, 16.191885986328124, No
505, 4029.44, 783.36, 16.191885986328124, No
506, 3937.28, 783.36, 16.191885986328124, No
507, 3834.88, 783.36, 16.191885986328124, No
508, 3742.7200000000003, 783.36, 16.191885986328124, No
509, 3640.32, 783.36, 16.191885986328124, No
510, 3537.92, 783.36, 16.191885986328124, No
511, 3445.76, 783.36, 16.191885986328124, No
512, 3343.36, 783.36, 16.191885986328124, No
513, 3240.96, 783.36, 16.191885986328124, No
514, 3148.8, 783.36, 16.191885986328124, No
515, 3046.4, 783.36, 16.191885986328124, No
516, 2944.0, 783.36, 16.191885986328124, No
517, 2841.6, 783.36, 16.191885986328124, No
518, 2739.2000000000003, 783.36, 16.191885986328124, No
519, 2641.92, 788.48, 20.48102294921875, No
520, 2539.52, 788.48, 20.48102294921875, No
521, 4326.4, 686.08, 15.361024169921876, No
522, 4224.0, 686.08, 15.361024169921876, No
523, 4131.84, 686.08, 15.361024169921876, No
524, 2944.0, 686.08, 15.361024169921876, No
525, 2841.6, 686.08, 15.361024169921876, No
526, 2739.2000000000003, 691.2, 16.191885986328124, No
527, 2647.04, 691.2, 16.191885986328124, No
528, 2544.64, 691.2, 16.191885986328124, No
529, 2442.2400000000002, 691.2, 16.191885986328124, No
530, 2339.84, 691.2, 16.191885986328124, No
531, 2237.44, 691.2, 16.191885986328124, No
532, 2135.04, 691.2, 16.191885986328124, No
533, 2042.88, 691.2, 16.191885986328124, No
534, 1940.48, 691.2, 16.191885986328124, No
535, 1838.08, 691.2, 16.191885986328124, No
536, 4029.44, 680.96, 16.191885986328124, No
537, 3937.28, 680.96, 16.191885986328124, No
538, 3834.88, 680.96, 16.191885986328124, No
539, 3742.7200000000003, 680.96, 16.191885986328124, No
540, 3640.32, 680.96, 16.191885986328124, No
541, 3537.92, 680.96, 16.191885986328124, No
542, 3445.76, 680.96, 16.191885986328124, No
543, 3343.36, 680.96, 16.191885986328124, No
544, 3240.96, 680.96, 16.191885986328124, No
545, 3138.56, 680.96, 16.191885986328124, No
546, 3041.28, 686.08, 20.48102294921875, No
547, 4321.28, 588.8000000000001, 15.361024169921876, No
548, 4224.0, 588.8000000000001, 16.191885986328124, No
549, 4131.84, 588.8000000000001, 16.191885986328124, No
550, 4029.44, 583.6800000000001, 15.361024169921876, No
551, 3937.28, 588.8000000000001, 16.191885986328124, No
552, 3834.88, 588.8000000000001, 16.191885986328124, No
553, 3732.48, 588.8000000000001, 16.191885986328124, No
554, 3640.32, 588.8000000000001, 16.191885986328124, No
555, 3537.92, 583.6800000000001, 15.361024169921876, No
556, 3435.52, 588.8000000000001, 16.191885986328124, No
557, 3343.36, 588.8000000000001, 16.191885986328124, No
558, 3240.96, 583.6800000000001, 15.361024169921876, No
559, 3138.56, 588.8000000000001, 16.191885986328124, No
560, 3041.28, 588.8000000000001, 15.361024169921876, No
561, 2944.0, 588.8000000000001, 16.191885986328124, No
562, 2841.6, 588.8000000000001, 16.191885986328124, No
563, 2739.2000000000003, 588.8000000000001, 16.191885986328124, No
564, 2636.8, 588.8000000000001, 16.191885986328124, No
565, 2544.64, 588.8000000000001, 16.191885986328124, No
566, 2442.2400000000002, 588.8000000000001, 16.191885986328124, No
567, 2339.84, 588.8000000000001, 16.191885986328124, No
568, 2237.44, 588.8000000000001, 16.191885986328124, No
569, 2135.04, 588.8000000000001, 16.191885986328124, No
570, 2042.88, 588.8000000000001, 16.191885986328124, No
571, 1940.48, 588.8000000000001, 16.191885986328124, No
572, 1838.08, 588.8000000000001, 16.191885986328124, No
573, 4321.28, 486.40000000000003, 15.361024169921876, No
574, 4224.0, 486.40000000000003, 16.191885986328124, No
575, 4126.72, 486.40000000000003, 15.361024169921876, No
576, 4029.44, 486.40000000000003, 16.191885986328124, No
577, 3927.04, 486.40000000000003, 16.191885986328124, No
578, 3834.88, 486.40000000000003, 16.191885986328124, No
579, 3732.48, 486.40000000000003, 16.191885986328124, No
580, 3640.32, 486.40000000000003, 16.191885986328124, No
581, 3537.92, 486.40000000000003, 16.191885986328124, No
582, 3435.52, 486.40000000000003, 16.191885986328124, No
583, 3343.36, 486.40000000000003, 16.191885986328124, No
584, 3240.96, 486.40000000000003, 16.191885986328124, No
585, 3138.56, 486.40000000000003, 16.191885986328124, No
586, 3036.16, 486.40000000000003, 16.191885986328124, No
587, 2944.0, 486.40000000000003, 16.191885986328124, No
588, 2841.6, 486.40000000000003, 16.191885986328124, No
589, 2739.2000000000003, 486.40000000000003, 16.191885986328124, No
590, 2636.8, 486.40000000000003, 16.191885986328124, No
591, 2539.52, 486.40000000000003, 15.361024169921876, No
592, 2442.2400000000002, 486.40000000000003, 16.191885986328124, No
593, 2339.84, 486.40000000000003, 16.191885986328124, No
594, 2237.44, 486.40000000000003, 16.191885986328124, No
595, 2135.04, 486.40000000000003, 16.191885986328124, No
596, 2032.64, 486.40000000000003, 16.191885986328124, No
597, 1940.48, 486.40000000000003, 16.191885986328124, No
598, 1838.08, 486.40000000000003, 16.191885986328124, No
599, 4316.16, 384.0, 16.191885986328124, No
600, 4224.0, 384.0, 16.191885986328124, No
601, 4121.6, 384.0, 16.191885986328124, No
602, 4029.44, 384.0, 16.191885986328124, No
603, 3927.04, 384.0, 16.191885986328124, No
604, 3834.88, 384.0, 16.191885986328124, No
605, 3732.48, 384.0, 16.191885986328124, No
606, 3635.2000000000003, 384.0, 15.361024169921876, No
607, 3537.92, 384.0, 16.191885986328124, No
608, 3435.52, 384.0, 16.191885986328124, No
609, 3338.2400000000002, 384.0, 15.361024169921876, No
610, 3240.96, 384.0, 16.191885986328124, No
611, 3138.56, 384.0, 16.191885986328124, No
612, 3036.16, 384.0, 16.191885986328124, No
613, 2938.88, 384.0, 15.361024169921876, No
614, 2841.6, 384.0, 16.191885986328124, No
615, 2739.2000000000003, 384.0, 16.191885986328124, No
616, 2636.8, 384.0, 16.191885986328124, No
617, 2534.4, 384.0, 16.191885986328124, No
618, 2442.2400000000002, 384.0, 16.191885986328124, No
619, 2339.84, 384.0, 16.191885986328124, No
620, 2237.44, 384.0, 16.191885986328124, No
621, 2135.04, 384.0, 16.191885986328124, No
622, 2032.64, 384.0, 16.191885986328124, No
623, 1935.3600000000001, 389.12, 20.48102294921875, No
624, 1832.96, 389.12, 20.48102294921875, No
625, 4316.16, 286.72, 15.361024169921876, No
626, 4218.88, 286.72, 10.241024169921875, No
627, 4121.6, 286.72, 15.361024169921876, No
628, 1838.08, 291.84000000000003, 16.191885986328124, No
629, 4024.32, 281.6, 15.361024169921876, No
630, 3927.04, 281.6, 16.191885986328124, No
631, 3824.64, 281.6, 16.191885986328124, No
632, 3732.48, 281.6, 16.191885986328124, No
633, 3630.08, 281.6, 16.191885986328124, No
634, 3537.92, 281.6, 16.191885986328124, No
635, 3435.52, 281.6, 16.191885986328124, No
636, 3333.12, 281.6, 16.191885986328124, No
637, 3235.84, 281.6, 15.361024169921876, No
638, 3138.56, 281.6, 16.191885986328124, No
639, 3036.16, 281.6, 16.191885986328124, No
640, 2933.76, 281.6, 16.191885986328124, No
641, 2841.6, 281.6, 16.191885986328124, No
642, 2739.2000000000003, 281.6, 16.191885986328124, No
643, 2636.8, 281.6, 16.191885986328124, No
644, 2534.4, 281.6, 16.191885986328124, No
645, 2437.12, 286.72, 20.48102294921875, No
646, 2339.84, 281.6, 16.191885986328124, No
647, 2237.44, 281.6, 16.191885986328124, No
648, 2135.04, 281.6, 16.191885986328124, No
649, 2037.76, 286.72, 20.48102294921875, No
650, 1935.3600000000001, 286.72, 20.48102294921875, No
651, 4316.16, 189.44, 16.191885986328124, No
652, 4213.76, 189.44, 16.191885986328124, No
653, 4121.6, 189.44, 16.191885986328124, No
654, 4019.2000000000003, 189.44, 16.191885986328124, No
655, 3927.04, 189.44, 16.191885986328124, No
656, 3824.64, 189.44, 16.191885986328124, No
657, 3630.08, 184.32, 15.361024169921876, No
658, 3333.12, 184.32, 15.361024169921876, No
659, 2237.44, 189.44, 16.191885986328124, No
660, 2135.04, 189.44, 16.191885986328124, No
661, 2032.64, 189.44, 16.191885986328124, No
662, 1930.24, 189.44, 16.191885986328124, No
663, 1832.96, 189.44, 15.361024169921876, No
664, 3732.48, 179.20000000000002, 16.191885986328124, No
665, 3527.6800000000003, 179.20000000000002, 16.191885986328124, No
666, 3435.52, 179.20000000000002, 16.191885986328124, No
667, 3230.7200000000003, 179.20000000000002, 16.191885986328124, No
668, 3138.56, 179.20000000000002, 16.191885986328124, No
669, 3036.16, 179.20000000000002, 16.191885986328124, No
670, 2933.76, 179.20000000000002, 16.191885986328124, No
671, 2831.36, 179.20000000000002, 16.191885986328124, No
672, 2739.2000000000003, 179.20000000000002, 16.191885986328124, No
673, 2636.8, 179.20000000000002, 16.191885986328124, No
674, 2534.4, 179.20000000000002, 16.191885986328124, No
675, 2437.12, 184.32, 20.48102294921875, No
676, 2334.7200000000003, 184.32, 20.48102294921875, No
